Model,RMSE_X,RMSE_Y,MAE_X,MAE_Y,R2_X,R2_Y,Accuracy,Precision,Recall
Random Forest,1.2432394273390461,1.7940287171198317,0.5241186839339633,0.7276903055803884,0.8981157861853173,0.9089298686315731,0.9876605643774654,0.9495798319327731,0.6726190476190477
XGBoost,1.3173088646842694,1.8886664936570294,0.5201645129635072,0.7648852878874689,0.8856140777516847,0.899068266264449,0.9927177101244058,0.9074074074074074,0.875
SVM,2.001661475931432,2.518081701684548,0.9165961672386118,1.1446421087485086,0.7358937912590443,0.820585798652098,0.9921108526347729,0.9134615384615384,0.8482142857142857
LSTM,4.0600382430389494,9.096505411257796,2.956229651901005,8.325693218562348,-1.1167021221127857,-2.039508706119714,0.7116552003237555,0.0,0.0
TCN,3.9829437241646257,8.339862991215814,2.8651207713927156,6.891818609004321,-1.0370788366177925,-1.5548891344833677,0.8935653581545933,0.0,0.0
